Timestamp,"Name (First, Last)",Subteam you're most involved with,Please upload a headshot you'd like featured on the website,"Feel free to attach a person link (i.e. LinkedIn, GitHub, Portfolio)"
9/28/2026 15:08:18,"Lachlan, Watts-Tobin",EECS,https://drive.google.com/open?id=1N1rFbGxDB8ene5wqkNUhARHiAxNTRhAg,lachlanwt.com
9/28/2026 16:08:36,Kian Rafian,Frame,https://drive.google.com/open?id=172ZWVtuKNq62Md38FAVtYerqD9PWIu6S,
9/28/2026 17:39:13,"Grant, Hough",Suspension,https://drive.google.com/open?id=1HJ_0H1y6W8qeSFak79rYNq6lpjvnncOb,granthough.com
9/28/2026 18:32:14,Tony Blonska ,Suspension,https://drive.google.com/open?id=19FzHdLmMUO1Ib8Qd9OxCVsH5BNleZsKh,
9/28/2026 19:37:31,"Pranav, Amarnath",Composites,https://drive.google.com/open?id=1UOEvyJ8HMdiezO7zuP7cMpTr60NtSXSi,https://pranavamarnath.myportfolio.com/
9/28/2026 20:13:00,"Tovi, Ding",Frame,https://drive.google.com/open?id=1ANkZ4i5M30Kir24Lm72xINd_OI9I12P2,https://ocf.io/tovi
9/28/2026 22:31:26,Jacob Stutz,Suspension,https://drive.google.com/open?id=1DBsSRdAylIWsAPSsC6L9OHbspClzycDY,https://www.linkedin.com/in/jacob-stutz/
9/29/2026 12:09:54,Richard Cao,EECS,https://drive.google.com/open?id=1EOsoLh9COPJ8vanMdUWdGjA72wV7Yj6I,
9/29/2026 12:57:54,Sean Giomi,Suspension,https://drive.google.com/open?id=1Mobdfacg4nXaGbUQonYB5GuP69sQcw3K,https://sites.google.com/berkeley.edu/sean-giomi/portfolio
9/30/2026 19:53:04,Sophia Campbell,,https://drive.google.com/open?id=1ps7kHJAnc5o3U7UoJKh7SIBkCuj-ZyYN,https://www.linkedin.com/in/sophia-campbell-846303294/?isSelfProfile=true
9/30/2026 20:32:26,Livia Yang,Suspension,https://drive.google.com/open?id=1edAkteBmErfrJY0Tgu6Yrw5CykxsCRyc,
9/30/2026 20:36:25,Zoe Khuu,Frame,https://drive.google.com/open?id=13CXUyLkS6CBAzUwyGiaF-iA1d8umq7HL,insta: zoe.thuy.k
9/30/2026 20:37:43,Livia Yang,Suspension,https://drive.google.com/open?id=1Ahp5YIn16vYfX2l7hrYsyBPPi0tZbMKm,can I change my photo to this one? The previous looks too serious 🥲🥲🥲
9/30/2026 20:40:06,Luke Hollingsworth,Suspension,https://drive.google.com/open?id=1Bbp0Hw_9PjpZOFGTduAbklnM7GqIeLHi,https://www.linkedin.com/in/luke-hollingsworth-02a44a233
9/30/2026 20:40:46,Yifan Liu,EECS,https://drive.google.com/open?id=1vnUuOlpQ66S3GOPuudnWm-f1-xbjf2b_,
9/30/2026 21:44:36,Myles Heller,Suspension,https://drive.google.com/open?id=1Y1B_H3RamPJI1n8e1UiZF-NfU5dwvvFJ,https://www.linkedin.com/in/myles-heller/